Type,Date,Part of a policing operation,Policing operation,Latitude,Longitude,Gender,Age range,Self-defined ethnicity,Officer-defined ethnicity,Legislation,Object of search,Outcome,Outcome linked to object of search,Removal of more than just outer clothing
Person search,2015-03-01T00:15:00+00:00,,,54.553574,-1.306534,Male,25-34,White - White British (W1),White,Police and Criminal Evidence Act 1984 (section 1),Article for use in theft,Nothing found - no further action,,
Person search,2015-03-01T02:21:00+00:00,,,,,Male,25-34,White - White British (W1),White,Police and Criminal Evidence Act 1984 (section 1),Article for use in theft,Nothing found - no further action,,
Person search,2015-03-01T04:40:00+00:00,,,54.555522,-1.149822,Male,10-17,White - White British (W1),,Police and Criminal Evidence Act 1984 (section 1),Stolen goods,Nothing found - no further action,,
Person search,2015-03-01T11:43:00+00:00,,,54.561868,-1.311126,Male,over 34,White - White British (W1),White,Police and Criminal Evidence Act 1984 (section 1),Stolen goods,Nothing found - no further action,,
Person search,2015-03-01T14:15:00+00:00,,,54.568450,-1.243934,,over 34,White - Any other White ethnic background (W9),White,Police and Criminal Evidence Act 1984 (section 1),Article for use in theft,Nothing found - no further action,,
Person search,2015-03-01T15:15:00+00:00,,,54.576239,-1.236364,Female,over 34,White - White British (W1),White,Police and Criminal Evidence Act 1984 (section 1),Stolen goods,Suspect arrested,True,
Person search,2015-03-01T16:50:00+00:00,,,54.574451,-1.242152,Male,18-24,White - White British (W1),White,Police and Criminal Evidence Act 1984 (section 1),Stolen goods,Offender given drugs possession warning,False,
Person search,2015-03-01T23:00:00+00:00,,,54.560001,-1.195085,Male,18-24,White - White British (W1),White,Police and Criminal Evidence Act 1984 (section 1),Stolen goods,Nothing found - no further action,,
Person search,2015-03-01T23:37:00+00:00,,,54.714578,-1.249787,Male,18-24,White - White British (W1),White,Police and Criminal Evidence Act 1984 (section 1),Article for use in theft,Nothing found - no further action,,
Person search,2015-03-01T23:45:00+00:00,,,54.714858,-1.252949,Male,25-34,White - White British (W1),White,Police and Criminal Evidence Act 1984 (section 1),Controlled drugs,Nothing found - no further action,,
Person search,2015-03-02T00:02:00+00:00,,,54.567000,-0.939312,Male,18-24,White - White British (W1),White,Police and Criminal Evidence Act 1984 (section 1),Stolen goods,Nothing found - no further action,,
Person search,2015-03-02T00:05:00+00:00,,,54.679771,-1.203234,Male,over 34,White - White British (W1),White,Police and Criminal Evidence Act 1984 (section 1),Article for use in theft,Suspect arrested,False,
Person search,2015-03-02T00:18:00+00:00,,,54.567000,-0.939312,Male,18-24,White - White British (W1),White,Police and Criminal Evidence Act 1984 (section 1),Stolen goods,Nothing found - no further action,,
Person search,2015-03-02T09:27:00+00:00,,,54.563995,-1.312141,Male,over 34,White - White British (W1),White,Misuse of Drugs Act 1971 (section 23),Controlled drugs,Nothing found - no further action,,
Person search,2015-03-02T11:23:00+00:00,,,54.565710,-1.310319,Male,25-34,White - White British (W1),White,Misuse of Drugs Act 1971 (section 23),Controlled drugs,Nothing found - no further action,,
Person search,2015-03-02T11:30:00+00:00,,,,,Male,over 34,White - White British (W1),White,Police and Criminal Evidence Act 1984 (section 1),Article for use in theft,Nothing found - no further action,,
Person search,2015-03-02T12:10:00+00:00,,,54.568504,-1.316613,Male,over 34,White - White British (W1),White,Misuse of Drugs Act 1971 (section 23),Controlled drugs,Nothing found - no further action,,
Person search,2015-03-02T19:00:00+00:00,,,54.570677,-1.239407,Male,over 34,White - White British (W1),White,Police and Criminal Evidence Act 1984 (section 1),Offensive weapons,Nothing found - no further action,,
Person search,2015-03-02T23:50:00+00:00,,,54.610469,-1.283195,Male,18-24,White - White British (W1),White,Misuse of Drugs Act 1971 (section 23),Controlled drugs,Suspect arrested,True,
Person search,2015-03-03T00:30:00+00:00,,,54.675821,-1.216260,Male,over 34,White - White British (W1),White,Police and Criminal Evidence Act 1984 (section 1),Stolen goods,Nothing found - no further action,,
Person search,2015-03-03T00:45:00+00:00,,,54.693753,-1.233601,Male,over 34,White - White British (W1),White,Misuse of Drugs Act 1971 (section 23),Controlled drugs,Suspect arrested,True,
Person search,2015-03-03T01:10:00+00:00,,,54.570677,-1.239407,Female,18-24,White - White British (W1),White,Police and Criminal Evidence Act 1984 (section 1),Stolen goods,Suspect arrested,True,
Person search,2015-03-03T01:30:00+00:00,,,54.549288,-1.259717,Male,18-24,White - White British (W1),White,Misuse of Drugs Act 1971 (section 23),Controlled drugs,Nothing found - no further action,,
Person search,2015-03-03T01:45:00+00:00,,,54.685298,-1.215581,Male,18-24,White - White British (W1),White,Police and Criminal Evidence Act 1984 (section 1),Stolen goods,Nothing found - no further action,,
Person search,2015-03-03T01:45:00+00:00,,,54.685298,-1.215581,Male,18-24,White - White British (W1),White,Police and Criminal Evidence Act 1984 (section 1),Stolen goods,Nothing found - no further action,,
Person search,2015-03-03T02:20:00+00:00,,,54.570758,-1.207155,Male,18-24,White - White British (W1),White,Police and Criminal Evidence Act 1984 (section 1),Offensive weapons,Suspect arrested,False,
Person search,2015-03-03T03:33:00+00:00,,,54.566205,-1.310449,Male,over 34,White - White British (W1),White,Misuse of Drugs Act 1971 (section 23),Controlled drugs,Nothing found - no further action,,
Person search,2015-03-03T04:40:00+00:00,,,54.566095,-1.337393,Male,25-34,White - White British (W1),White,Misuse of Drugs Act 1971 (section 23),Controlled drugs,Suspect arrested,True,
Person search,2015-03-03T04:40:00+00:00,,,54.561275,-1.340147,Male,25-34,White - White British (W1),White,Misuse of Drugs Act 1971 (section 23),Controlled drugs,Suspect arrested,True,
Person search,2015-03-03T08:25:00+00:00,,,54.555477,-1.238901,Male,25-34,Asian or Asian British - Any other Asian ethnic background (A9),Other,Misuse of Drugs Act 1971 (section 23),Controlled drugs,Suspect summonsed to court,True,
Person search,2015-03-03T09:50:00+00:00,,,54.559022,-1.188331,Female,25-34,White - White British (W1),White,Police and Criminal Evidence Act 1984 (section 1),Stolen goods,Nothing found - no further action,,
Person search,2015-03-03T09:50:00+00:00,,,54.559022,-1.188331,Male,25-34,White - White British (W1),White,Police and Criminal Evidence Act 1984 (section 1),Stolen goods,Nothing found - no further action,,
Person and Vehicle search,2015-03-03T11:23:00+00:00,,,,,Male,25-34,White - White British (W1),White,Misuse of Drugs Act 1971 (section 23),Controlled drugs,Nothing found - no further action,,
Person and Vehicle search,2015-03-03T11:25:00+00:00,,,,,Male,25-34,White - White British (W1),White,Misuse of Drugs Act 1971 (section 23),Controlled drugs,Nothing found - no further action,,
Person and Vehicle search,2015-03-03T11:25:00+00:00,,,,,Male,18-24,White - White British (W1),White,Misuse of Drugs Act 1971 (section 23),Controlled drugs,Nothing found - no further action,,
Person and Vehicle search,2015-03-03T11:25:00+00:00,,,,,Male,18-24,White - White British (W1),White,Misuse of Drugs Act 1971 (section 23),,Suspect arrested,,
Person and Vehicle search,2015-03-03T12:25:00+00:00,,,,,Female,25-34,White - White British (W1),White,Misuse of Drugs Act 1971 (section 23),Controlled drugs,Nothing found - no further action,,
Person search,2015-03-03T13:40:00+00:00,,,54.568082,-1.242657,Male,over 34,White - White British (W1),White,Police and Criminal Evidence Act 1984 (section 1),Controlled drugs,Nothing found - no further action,,
Person search,2015-03-03T13:40:00+00:00,,,54.568082,-1.242657,Male,over 34,White - White British (W1),White,Police and Criminal Evidence Act 1984 (section 1),Controlled drugs,Nothing found - no further action,,
Person search,2015-03-03T13:50:00+00:00,,,54.568450,-1.243934,Male,25-34,White - White British (W1),White,Police and Criminal Evidence Act 1984 (section 1),Stolen goods,Suspect arrested,False,
Person search,2015-03-03T14:27:00+00:00,,,54.568895,-1.249107,Male,25-34,White - White British (W1),White,Misuse of Drugs Act 1971 (section 23),Controlled drugs,Nothing found - no further action,,
Person search,2015-03-03T15:16:00+00:00,,,54.569041,-1.250822,Male,over 34,White - White British (W1),White,Police and Criminal Evidence Act 1984 (section 1),Controlled drugs,Nothing found - no further action,,
Person search,2015-03-03T17:10:00+00:00,,,54.560395,-1.317599,Male,over 34,Not Stated (NS),Black,Misuse of Drugs Act 1971 (section 23),Controlled drugs,Nothing found - no further action,,
Person and Vehicle search,2015-03-04T00:10:00+00:00,,,54.534425,-1.245490,Male,18-24,White - White British (W1),White,Misuse of Drugs Act 1971 (section 23),Controlled drugs,Nothing found - no further action,,
Person and Vehicle search,2015-03-04T00:10:00+00:00,,,54.534425,-1.245490,Male,18-24,White - White British (W1),White,Misuse of Drugs Act 1971 (section 23),Controlled drugs,Nothing found - no further action,,
Person search,2015-03-04T01:00:00+00:00,,,54.572416,-1.238679,,,White - White British (W1),White,Misuse of Drugs Act 1971 (section 23),Controlled drugs,Nothing found - no further action,,
Person search,2015-03-04T01:10:00+00:00,,,54.549122,-1.190213,Male,25-34,White - White British (W1),White,Police and Criminal Evidence Act 1984 (section 1),Offensive weapons,Nothing found - no further action,,
Person search,2015-03-04T02:15:00+00:00,,,54.570154,-1.239138,Male,25-34,White - White British (W1),White,Misuse of Drugs Act 1971 (section 23),Controlled drugs,Nothing found - no further action,,
Person search,2015-03-04T14:30:00+00:00,,,,,Male,18-24,White - White British (W1),White,Misuse of Drugs Act 1971 (section 23),Controlled drugs,Nothing found - no further action,,
Person search,2015-03-04T15:15:00+00:00,,,54.553624,-1.237251,Male,over 34,White - White British (W1),White,Misuse of Drugs Act 1971 (section 23),Controlled drugs,Nothing found - no further action,,
Person search,2015-03-04T15:29:00+00:00,,,54.586449,-1.314533,Female,25-34,White - White British (W1),White,Misuse of Drugs Act 1971 (section 23),Controlled drugs,Suspect arrested,False,
Person search,2015-03-04T17:00:00+00:00,,,54.594616,-1.306348,,,White - White British (W1),White,Police and Criminal Evidence Act 1984 (section 1),Stolen goods,Nothing found - no further action,,
Person search,2015-03-04T17:00:00+00:00,,,54.594616,-1.306348,Male,18-24,White - White British (W1),White,Police and Criminal Evidence Act 1984 (section 1),Stolen goods,Nothing found - no further action,,
Person search,2015-03-04T17:30:00+00:00,,,54.571107,-1.226344,,10-17,White - White British (W1),White,Police and Criminal Evidence Act 1984 (section 1),Offensive weapons,Nothing found - no further action,,
Person search,2015-03-04T21:20:00+00:00,,,54.529505,-1.325361,,18-24,White - White British (W1),White,Police and Criminal Evidence Act 1984 (section 1),Controlled drugs,Nothing found - no further action,,
Person search,2015-03-04T23:15:00+00:00,,,54.564103,-1.318682,Male,over 34,White - White British (W1),White,Police and Criminal Evidence Act 1984 (section 1),Controlled drugs,Suspect arrested,False,
Person search,2015-03-05T00:15:00+00:00,,,54.567278,-1.142247,Male,25-34,White - White British (W1),White,Police and Criminal Evidence Act 1984 (section 1),Article for use in theft,Nothing found - no further action,,
Person search,2015-03-05T00:20:00+00:00,,,54.571437,-1.141989,Male,25-34,White - White British (W1),White,Police and Criminal Evidence Act 1984 (section 1),Stolen goods,Suspect arrested,True,
Person search,2015-03-05T01:16:00+00:00,,,54.614857,-1.065928,Male,18-24,White - White British (W1),White,Police and Criminal Evidence Act 1984 (section 1),Stolen goods,Nothing found - no further action,,
Person search,2015-03-05T02:25:00+00:00,,,54.566867,-1.261224,Male,25-34,White - White British (W1),White,Misuse of Drugs Act 1971 (section 23),Controlled drugs,Suspect arrested,False,
Person search,2015-03-05T02:25:00+00:00,,,54.566867,-1.261224,Male,18-24,White - White British (W1),White,Misuse of Drugs Act 1971 (section 23),Controlled drugs,Nothing found - no further action,,
Person search,2015-03-05T02:25:00+00:00,,,54.566867,-1.261224,Male,18-24,White - White British (W1),White,Misuse of Drugs Act 1971 (section 23),Controlled drugs,Nothing found - no further action,,
Person search,2015-03-05T10:50:00+00:00,,,54.559399,-1.311585,Male,over 34,White - White British (W1),White,Police and Criminal Evidence Act 1984 (section 1),Stolen goods,Nothing found - no further action,,
Person search,2015-03-05T14:00:00+00:00,,,54.571600,-1.243226,Female,25-34,White - White British (W1),White,Misuse of Drugs Act 1971 (section 23),Controlled drugs,Nothing found - no further action,,
Person search,2015-03-05T14:00:00+00:00,,,54.565908,-1.244167,Male,over 34,White - White British (W1),White,Misuse of Drugs Act 1971 (section 23),Controlled drugs,Nothing found - no further action,,
Person search,2015-03-05T15:23:00+00:00,,,54.689441,-1.219814,Male,over 34,White - White British (W1),White,Misuse of Drugs Act 1971 (section 23),Controlled drugs,Nothing found - no further action,,
Person search,2015-03-05T16:16:00+00:00,,,54.592353,-1.083513,Male,25-34,White - White British (W1),White,Police and Criminal Evidence Act 1984 (section 1),Article for use in theft,Nothing found - no further action,,
Person search,2015-03-05T21:15:00+00:00,,,54.612506,-1.288749,Male,25-34,White - White British (W1),White,Misuse of Drugs Act 1971 (section 23),Controlled drugs,Offender given drugs possession warning,True,
Person search,2015-03-05T22:00:00+00:00,,,,,Male,18-24,White - White British (W1),White,Misuse of Drugs Act 1971 (section 23),Controlled drugs,Nothing found - no further action,,
Person search,2015-03-06T00:20:00+00:00,,,54.564978,-1.311182,Male,over 34,Mixed - Any other Mixed ethnic background (M9),Other,Police and Criminal Evidence Act 1984 (section 1),Offensive weapons,Suspect arrested,False,
Person search,2015-03-06T02:45:00+00:00,,,54.553380,-1.257185,Male,25-34,White - White British (W1),White,Misuse of Drugs Act 1971 (section 23),Controlled drugs,Nothing found - no further action,,
Person search,2015-03-06T02:45:00+00:00,,,54.553380,-1.257185,Male,18-24,White - White British (W1),White,Misuse of Drugs Act 1971 (section 23),Controlled drugs,Nothing found - no further action,,
Person search,2015-03-06T10:05:00+00:00,,,54.571600,-1.243226,Male,over 34,White - White British (W1),White,Police and Criminal Evidence Act 1984 (section 1),Offensive weapons,Suspect arrested,False,
Person search,2015-03-06T11:05:00+00:00,,,54.568713,-1.230055,Male,25-34,Chinese or other ethnic group - Any other ethnic group (O9),Asian,Police and Criminal Evidence Act 1984 (section 1),Offensive weapons,Nothing found - no further action,,
Person search,2015-03-06T14:25:00+00:00,,,54.553467,-1.226647,Male,18-24,White - White British (W1),White,Misuse of Drugs Act 1971 (section 23),Controlled drugs,Suspect arrested,True,
Person search,2015-03-06T16:48:00+00:00,,,54.575382,-1.250195,Male,25-34,White - White British (W1),White,Police and Criminal Evidence Act 1984 (section 1),Offensive weapons,Nothing found - no further action,,
Person search,2015-03-06T21:30:00+00:00,,,54.512898,-1.355260,Male,over 34,White - White British (W1),White,Police and Criminal Evidence Act 1984 (section 1),Stolen goods,Nothing found - no further action,,
Person search,2015-03-06T21:30:00+00:00,,,54.512898,-1.355260,Male,over 34,White - White British (W1),White,Police and Criminal Evidence Act 1984 (section 1),Stolen goods,Nothing found - no further action,,
Person search,2015-03-06T23:45:00+00:00,,,54.571107,-1.226344,Male,18-24,White - White British (W1),White,Misuse of Drugs Act 1971 (section 23),Controlled drugs,Nothing found - no further action,,
Person search,2015-03-07T00:45:00+00:00,,,54.577743,-1.233985,Male,25-34,White - White British (W1),White,Misuse of Drugs Act 1971 (section 23),Controlled drugs,Nothing found - no further action,,
Person search,2015-03-07T02:00:00+00:00,,,54.569453,-1.213754,Male,25-34,White - White British (W1),White,Misuse of Drugs Act 1971 (section 23),Controlled drugs,Nothing found - no further action,,
Person search,2015-03-07T02:00:00+00:00,,,54.562991,-0.906939,Male,18-24,White - White British (W1),White,Police and Criminal Evidence Act 1984 (section 1),Stolen goods,Nothing found - no further action,,
Person search,2015-03-07T02:00:00+00:00,,,54.562991,-0.906939,Male,18-24,White - White British (W1),White,Police and Criminal Evidence Act 1984 (section 1),Stolen goods,Nothing found - no further action,,
Person search,2015-03-07T04:20:00+00:00,,,,,Male,25-34,White - White British (W1),White,Misuse of Drugs Act 1971 (section 23),Offensive weapons,Suspect arrested,False,
Person search,2015-03-07T09:40:00+00:00,,,54.570947,-1.242233,Male,over 34,White - White British (W1),White,Police and Criminal Evidence Act 1984 (section 1),Article for use in theft,Nothing found - no further action,,
Person search,2015-03-07T14:05:00+00:00,,,54.562991,-1.246247,Female,over 34,Asian or Asian British - Any other Asian ethnic background (A9),Asian,Misuse of Drugs Act 1971 (section 23),Controlled drugs,Nothing found - no further action,,
Person search,2015-03-07T14:05:00+00:00,,,54.568243,-1.245314,Male,25-34,White - White British (W1),White,Misuse of Drugs Act 1971 (section 23),Controlled drugs,Nothing found - no further action,,
Person search,2015-03-07T16:15:00+00:00,,,54.617957,-1.272889,Male,over 34,White - White British (W1),White,Misuse of Drugs Act 1971 (section 23),Controlled drugs,Nothing found - no further action,,
Person search,2015-03-07T21:20:00+00:00,,,54.561984,-1.217810,Male,25-34,White - White British (W1),White,Misuse of Drugs Act 1971 (section 23),Controlled drugs,Nothing found - no further action,,
Vehicle search,2015-03-07T21:38:00+00:00,,,54.562702,-1.241659,,,,,Misuse of Drugs Act 1971 (section 23),,,,
Person search,2015-03-07T23:10:00+00:00,,,54.560017,-1.317513,Male,25-34,White - White British (W1),White,Police and Criminal Evidence Act 1984 (section 1),Article for use in theft,Nothing found - no further action,,
Person search,2015-03-07T23:25:00+00:00,,,54.560017,-1.317513,Male,10-17,White - White British (W1),White,Police and Criminal Evidence Act 1984 (section 1),Article for use in theft,Nothing found - no further action,,
Person search,2015-03-08T00:20:00+00:00,,,54.563643,-1.328030,Male,25-34,White - White British (W1),White,Police and Criminal Evidence Act 1984 (section 1),Stolen goods,Nothing found - no further action,,
Person search,2015-03-08T00:30:00+00:00,,,54.577167,-1.173754,Male,18-24,White - White British (W1),White,Police and Criminal Evidence Act 1984 (section 1),Article for use in theft,Nothing found - no further action,,
Person search,2015-03-08T01:50:00+00:00,,,54.566205,-1.310449,Male,18-24,White - White British (W1),White,Misuse of Drugs Act 1971 (section 23),Controlled drugs,Nothing found - no further action,,
Vehicle search,2015-03-08T01:55:00+00:00,,,54.536488,-1.341644,,,,,Police and Criminal Evidence Act 1984 (section 1),,,,
Person search,2015-03-08T02:00:00+00:00,,,,,Male,25-34,White - White British (W1),White,Police and Criminal Evidence Act 1984 (section 1),Stolen goods,Nothing found - no further action,,
Person search,2015-03-08T02:00:00+00:00,,,54.577210,-1.235016,,25-34,White - White British (W1),White,Misuse of Drugs Act 1971 (section 23),Controlled drugs,Nothing found - no further action,,
Person search,2015-03-08T03:45:00+00:00,,,54.691001,-1.234724,Male,18-24,White - White British (W1),White,Police and Criminal Evidence Act 1984 (section 1),Articles for use in criminal damage,Suspect arrested,True,
Person search,2015-03-08T11:10:00+00:00,,,54.560395,-1.317599,Male,25-34,White - White British (W1),White,Police and Criminal Evidence Act 1984 (section 1),Article for use in theft,Nothing found - no further action,,
Person search,2015-03-08T12:30:00+00:00,,,54.673679,-1.224148,Male,18-24,White - White British (W1),White,Police and Criminal Evidence Act 1984 (section 1),Stolen goods,Suspect arrested,True,
Person search,2015-03-08T16:30:00+00:00,,,54.570071,-1.237268,Male,18-24,White - White British (W1),White,Police and Criminal Evidence Act 1984 (section 1),Article for use in theft,,,
Person search,2015-03-08T17:30:00+00:00,,,54.683711,-1.220389,Male,10-17,White - White British (W1),White,Police and Criminal Evidence Act 1984 (section 1),Article for use in theft,Nothing found - no further action,,
Person search,2015-03-08T17:30:00+00:00,,,54.672957,-1.226472,Male,10-17,White - White British (W1),White,Police and Criminal Evidence Act 1984 (section 1),Article for use in theft,Nothing found - no further action,,
Person search,2015-03-08T18:10:00+00:00,,,54.564254,-1.315091,Male,25-34,White - White British (W1),White,Police and Criminal Evidence Act 1984 (section 1),Stolen goods,Nothing found - no further action,,
Person search,2015-03-08T18:15:00+00:00,,,54.564254,-1.315091,Male,25-34,White - White British (W1),White,Police and Criminal Evidence Act 1984 (section 1),Stolen goods,Suspect arrested,False,
Person search,2015-03-09T00:05:00+00:00,,,54.568243,-1.245314,Male,25-34,White - White British (W1),White,Misuse of Drugs Act 1971 (section 23),Controlled drugs,Nothing found - no further action,,
Person search,2015-03-09T00:37:00+00:00,,,54.571415,-1.240987,Male,25-34,White - White British (W1),White,Misuse of Drugs Act 1971 (section 23),Controlled drugs,Offender given drugs possession warning,True,
Person search,2015-03-09T02:58:00+00:00,,,54.558878,-1.279136,Male,18-24,White - White British (W1),White,Police and Criminal Evidence Act 1984 (section 1),Article for use in theft,Offender given drugs possession warning,False,
Person search,2015-03-09T03:30:00+00:00,,,54.570664,-1.250235,Male,over 34,White - White British (W1),White,Police and Criminal Evidence Act 1984 (section 1),Article for use in theft,Nothing found - no further action,,
Person search,2015-03-09T04:20:00+00:00,,,,,Male,18-24,White - White British (W1),White,Police and Criminal Evidence Act 1984 (section 1),Article for use in theft,Nothing found - no further action,,
Person search,2015-03-09T04:20:00+00:00,,,,,Male,18-24,White - White British (W1),White,Police and Criminal Evidence Act 1984 (section 1),Article for use in theft,Nothing found - no further action,,
Person search,2015-03-09T09:05:00+00:00,,,54.552564,-1.240177,Male,over 34,White - White British (W1),White,Misuse of Drugs Act 1971 (section 23),Controlled drugs,Nothing found - no further action,,
Person search,2015-03-09T09:10:00+00:00,,,54.566869,-1.239756,Male,25-34,White - White British (W1),White,Police and Criminal Evidence Act 1984 (section 1),Stolen goods,Nothing found - no further action,,
Person search,2015-03-09T09:10:00+00:00,,,54.566869,-1.239756,Male,over 34,White - White British (W1),White,Police and Criminal Evidence Act 1984 (section 1),Stolen goods,Nothing found - no further action,,
Person search,2015-03-09T09:10:00+00:00,,,54.566869,-1.239756,Female,25-34,White - White British (W1),White,Police and Criminal Evidence Act 1984 (section 1),Stolen goods,Nothing found - no further action,,
Person search,2015-03-09T09:10:00+00:00,,,54.566869,-1.239756,Male,over 34,White - White British (W1),White,Police and Criminal Evidence Act 1984 (section 1),Stolen goods,Nothing found - no further action,,
Person search,2015-03-09T10:00:00+00:00,,,54.580304,-1.236892,Male,18-24,White - White British (W1),White,Misuse of Drugs Act 1971 (section 23),Controlled drugs,Suspect arrested,False,
Person search,2015-03-09T11:34:00+00:00,,,54.580304,-1.236892,Male,25-34,White - White British (W1),White,Misuse of Drugs Act 1971 (section 23),Controlled drugs,Suspect arrested,False,
Person search,2015-03-09T14:05:00+00:00,,,54.567358,-1.250481,Male,18-24,White - White British (W1),White,Police and Criminal Evidence Act 1984 (section 1),Stolen goods,Nothing found - no further action,,
Person search,2015-03-09T14:10:00+00:00,,,54.568450,-1.243934,Male,18-24,White - White British (W1),White,Misuse of Drugs Act 1971 (section 23),Controlled drugs,Nothing found - no further action,,
Person search,2015-03-09T14:22:00+00:00,,,54.568895,-1.249107,Female,25-34,White - White British (W1),White,Misuse of Drugs Act 1971 (section 23),Controlled drugs,Nothing found - no further action,,
Person search,2015-03-09T14:25:00+00:00,,,54.568243,-1.245314,Female,25-34,White - White British (W1),White,Police and Criminal Evidence Act 1984 (section 1),Stolen goods,Nothing found - no further action,,
Person search,2015-03-09T14:31:00+00:00,,,54.568895,-1.249107,Male,over 34,White - White British (W1),White,Misuse of Drugs Act 1971 (section 23),Controlled drugs,Nothing found - no further action,,
Person search,2015-03-09T17:00:00+00:00,,,54.658017,-1.186158,Female,10-17,White - White British (W1),White,Police and Criminal Evidence Act 1984 (section 1),Offensive weapons,Nothing found - no further action,,
Person search,2015-03-09T19:00:00+00:00,,,54.550157,-1.178535,Male,25-34,White - White British (W1),White,Police and Criminal Evidence Act 1984 (section 1),Offensive weapons,Offender given drugs possession warning,False,
Person search,2015-03-09T19:30:00+00:00,,,,,Male,25-34,White - White British (W1),White,Police and Criminal Evidence Act 1984 (section 1),Stolen goods,Nothing found - no further action,,
Person search,2015-03-09T21:30:00+00:00,,,54.566779,-1.225560,Male,18-24,White - White British (W1),White,Misuse of Drugs Act 1971 (section 23),Controlled drugs,Nothing found - no further action,,
Person search,2015-03-10T01:50:00+00:00,,,54.565373,-1.223576,Male,10-17,White - White British (W1),White,Police and Criminal Evidence Act 1984 (section 1),Article for use in theft,Nothing found - no further action,,
Person search,2015-03-10T01:50:00+00:00,,,54.565373,-1.223576,Male,18-24,White - White British (W1),White,Police and Criminal Evidence Act 1984 (section 1),Article for use in theft,Nothing found - no further action,,
Person search,2015-03-10T14:25:00+00:00,,,54.575737,-1.225189,Male,25-34,White - White British (W1),White,Police and Criminal Evidence Act 1984 (section 1),Stolen goods,Nothing found - no further action,,
Vehicle search,2015-03-10T15:10:00+00:00,,,54.572601,-1.225279,,,,,Police and Criminal Evidence Act 1984 (section 1),,,,
Person search,2015-03-10T15:10:00+00:00,,,54.573844,-1.206368,Male,18-24,White - White British (W1),White,Misuse of Drugs Act 1971 (section 23),Controlled drugs,Suspect arrested,False,
Person search,2015-03-10T18:30:00+00:00,,,54.568139,-0.965082,Female,over 34,White - White British (W1),White,Police and Criminal Evidence Act 1984 (section 1),Stolen goods,Nothing found - no further action,,
Person search,2015-03-10T18:30:00+00:00,,,54.568139,-0.965082,Female,25-34,White - White British (W1),White,Police and Criminal Evidence Act 1984 (section 1),Stolen goods,Nothing found - no further action,,
Person search,2015-03-10T20:00:00+00:00,,,54.517806,-1.319421,Male,10-17,Asian or Asian British - Any other Asian ethnic background (A9),Asian,Misuse of Drugs Act 1971 (section 23),Controlled drugs,Nothing found - no further action,,
Person search,2015-03-10T20:00:00+00:00,,,54.523151,-1.322144,Male,18-24,White - White British (W1),White,Misuse of Drugs Act 1971 (section 23),Controlled drugs,Nothing found - no further action,,
Person search,2015-03-10T20:00:00+00:00,,,54.523151,-1.322144,Male,10-17,White - White British (W1),White,Misuse of Drugs Act 1971 (section 23),Controlled drugs,Nothing found - no further action,,
Person search,2015-03-10T20:00:00+00:00,,,54.517806,-1.319421,Male,10-17,White - White British (W1),White,Misuse of Drugs Act 1971 (section 23),Controlled drugs,Nothing found - no further action,,
Person search,2015-03-10T20:00:00+00:00,,,54.517806,-1.319421,Male,10-17,White - White British (W1),White,Misuse of Drugs Act 1971 (section 23),Controlled drugs,Nothing found - no further action,,
Person search,2015-03-10T21:15:00+00:00,,,54.565564,-1.210070,Male,18-24,White - White British (W1),White,Misuse of Drugs Act 1971 (section 23),Controlled drugs,Nothing found - no further action,,
Person search,2015-03-10T21:15:00+00:00,,,54.578138,-1.235339,Male,25-34,White - White British (W1),White,Police and Criminal Evidence Act 1984 (section 1),Article for use in theft,Nothing found - no further action,,
Person search,2015-03-10T21:20:00+00:00,,,54.577743,-1.233985,Male,25-34,White - White British (W1),White,Police and Criminal Evidence Act 1984 (section 1),Stolen goods,Nothing found - no further action,,
Person search,2015-03-11T01:09:00+00:00,,,54.580304,-1.236892,Male,over 34,White - White British (W1),White,Police and Criminal Evidence Act 1984 (section 1),Stolen goods,Nothing found - no further action,,
Person search,2015-03-11T01:58:00+00:00,,,54.577743,-1.233985,Male,25-34,Not Stated (NS),Black,Police and Criminal Evidence Act 1984 (section 1),Offensive weapons,,,
Person search,2015-03-11T02:47:00+00:00,,,54.561099,-1.246885,,18-24,White - White British (W1),White,Police and Criminal Evidence Act 1984 (section 1),Article for use in theft,Nothing found - no further action,,
Person search,2015-03-11T05:35:00+00:00,,,54.562058,-0.978134,Male,25-34,White - White British (W1),White,Police and Criminal Evidence Act 1984 (section 1),Controlled drugs,Nothing found - no further action,,
Person search,2015-03-11T05:35:00+00:00,,,54.562058,-0.978134,Male,18-24,White - White British (W1),White,Police and Criminal Evidence Act 1984 (section 1),Controlled drugs,Nothing found - no further action,,
Person search,2015-03-11T08:45:00+00:00,,,54.693861,-1.218147,Male,25-34,White - White British (W1),White,Misuse of Drugs Act 1971 (section 23),Controlled drugs,Nothing found - no further action,,
Person search,2015-03-11T09:47:00+00:00,,,54.596274,-1.076739,Male,over 34,White - White British (W1),White,Police and Criminal Evidence Act 1984 (section 1),Stolen goods,Nothing found - no further action,,
Person search,2015-03-11T14:50:00+00:00,,,54.568207,-1.208828,Male,25-34,White - White British (W1),White,Misuse of Drugs Act 1971 (section 23),Controlled drugs,Nothing found - no further action,,
Person search,2015-03-11T19:45:00+00:00,,,54.669833,-1.214406,Male,over 34,White - White British (W1),White,Police and Criminal Evidence Act 1984 (section 1),Article for use in theft,Suspect arrested,True,
Person search,2015-03-11T20:37:00+00:00,,,54.585621,-1.361989,Male,25-34,White - White British (W1),White,Misuse of Drugs Act 1971 (section 23),Controlled drugs,Nothing found - no further action,,
Person search,2015-03-11T22:10:00+00:00,,,54.576056,-1.240081,Male,over 34,White - Any other White ethnic background (W9),White,Misuse of Drugs Act 1971 (section 23),Controlled drugs,,,
Person and Vehicle search,2015-03-11T22:45:00+00:00,,,54.550836,-1.221409,Male,25-34,White - White British (W1),White,Misuse of Drugs Act 1971 (section 23),Controlled drugs,Suspect arrested,True,
Person and Vehicle search,2015-03-11T22:45:00+00:00,,,54.550836,-1.221409,Male,18-24,White - White British (W1),White,Misuse of Drugs Act 1971 (section 23),Controlled drugs,Suspect arrested,True,
Person search,2015-03-11T23:30:00+00:00,,,54.571487,-1.299161,Male,18-24,White - White British (W1),White,Police and Criminal Evidence Act 1984 (section 1),Article for use in theft,Nothing found - no further action,,
Person search,2015-03-11T23:35:00+00:00,,,54.571487,-1.299161,Male,18-24,White - White British (W1),White,Police and Criminal Evidence Act 1984 (section 1),Stolen goods,Nothing found - no further action,,
Person search,2015-03-11T23:40:00+00:00,,,54.701420,-1.222439,Male,18-24,White - White British (W1),White,Police and Criminal Evidence Act 1984 (section 1),Article for use in theft,Suspect arrested,,
Person search,2015-03-12T00:35:00+00:00,,,54.567890,-1.242027,Male,18-24,White - White British (W1),White,Police and Criminal Evidence Act 1984 (section 1),Article for use in theft,Nothing found - no further action,,
Person search,2015-03-12T00:40:00+00:00,,,54.567706,-1.241396,Male,25-34,White - White British (W1),White,Police and Criminal Evidence Act 1984 (section 1),Article for use in theft,Nothing found - no further action,,
Person search,2015-03-12T00:44:00+00:00,,,54.567706,-1.241396,Female,25-34,White - White British (W1),White,Police and Criminal Evidence Act 1984 (section 1),Article for use in theft,Nothing found - no further action,,
Person search,2015-03-12T01:22:00+00:00,,,54.556779,-1.224528,Male,10-17,White - White British (W1),White,Police and Criminal Evidence Act 1984 (section 1),Article for use in theft,Nothing found - no further action,,
Person search,2015-03-12T01:35:00+00:00,,,54.526798,-1.232976,Male,10-17,White - White British (W1),White,Police and Criminal Evidence Act 1984 (section 1),Article for use in theft,Nothing found - no further action,,
Person search,2015-03-12T01:35:00+00:00,,,54.526798,-1.232976,Male,10-17,White - White British (W1),White,Police and Criminal Evidence Act 1984 (section 1),Article for use in theft,Nothing found - no further action,,
Person search,2015-03-12T02:19:00+00:00,,,54.570899,-1.244709,Male,over 34,White - White British (W1),White,Misuse of Drugs Act 1971 (section 23),Controlled drugs,Nothing found - no further action,,
Person search,2015-03-12T02:45:00+00:00,,,54.570071,-1.237268,Male,25-34,Black or Black British - African (B2),Black,Police and Criminal Evidence Act 1984 (section 1),Article for use in theft,Nothing found - no further action,,
Person search,2015-03-12T03:22:00+00:00,,,54.556779,-1.224528,Male,18-24,White - White British (W1),White,Police and Criminal Evidence Act 1984 (section 1),Article for use in theft,Nothing found - no further action,,
Person search,2015-03-12T03:22:00+00:00,,,54.556779,-1.224528,Male,10-17,White - White British (W1),White,Police and Criminal Evidence Act 1984 (section 1),Article for use in theft,Nothing found - no further action,,
Person search,2015-03-12T09:45:00+00:00,,,54.557848,-1.324955,Male,18-24,White - White British (W1),White,Misuse of Drugs Act 1971 (section 23),Controlled drugs,Nothing found - no further action,,
Person search,2015-03-12T14:40:00+00:00,,,54.572374,-1.237751,Male,25-34,White - White British (W1),White,Police and Criminal Evidence Act 1984 (section 1),Offensive weapons,Nothing found - no further action,,
Person search,2015-03-12T15:15:00+00:00,,,54.573716,-1.238129,Male,over 34,White - White British (W1),White,Police and Criminal Evidence Act 1984 (section 1),Offensive weapons,Suspect arrested,True,
Person and Vehicle search,2015-03-12T21:45:00+00:00,,,54.589857,-1.350734,Male,10-17,White - White British (W1),White,Police and Criminal Evidence Act 1984 (section 1),Article for use in theft,Nothing found - no further action,,
Person and Vehicle search,2015-03-12T21:45:00+00:00,,,54.589857,-1.350734,Male,10-17,White - White British (W1),White,Police and Criminal Evidence Act 1984 (section 1),Article for use in theft,Nothing found - no further action,,
Person and Vehicle search,2015-03-12T21:45:00+00:00,,,54.589857,-1.350734,Male,18-24,White - White British (W1),Asian,Police and Criminal Evidence Act 1984 (section 1),Article for use in theft,Nothing found - no further action,,
Person search,2015-03-12T22:05:00+00:00,,,54.580809,-1.238507,Male,18-24,White - White British (W1),White,Police and Criminal Evidence Act 1984 (section 1),Article for use in theft,Nothing found - no further action,,
Person search,2015-03-13T00:15:00+00:00,,,54.545214,-1.229029,Male,over 34,White - White British (W1),White,Misuse of Drugs Act 1971 (section 23),Controlled drugs,Suspect arrested,False,
Person search,2015-03-13T02:40:00+00:00,,,54.548444,-1.189701,Male,25-34,White - White British (W1),White,Misuse of Drugs Act 1971 (section 23),Controlled drugs,,,
Person search,2015-03-13T10:53:00+00:00,,,54.560395,-1.317599,Male,25-34,White - White British (W1),White,Misuse of Drugs Act 1971 (section 23),Controlled drugs,Nothing found - no further action,,
Person search,2015-03-13T19:00:00+00:00,,,54.553718,-1.145113,Male,10-17,White - White British (W1),White,Police and Criminal Evidence Act 1984 (section 1),Stolen goods,Nothing found - no further action,,
Person search,2015-03-13T19:20:00+00:00,,,54.552360,-1.150043,Male,18-24,White - White British (W1),White,Police and Criminal Evidence Act 1984 (section 1),Stolen goods,Nothing found - no further action,,
Person search,2015-03-13T19:30:00+00:00,,,54.570017,-1.232985,Male,25-34,White - White British (W1),White,Police and Criminal Evidence Act 1984 (section 1),Offensive weapons,,,
Person search,2015-03-13T21:10:00+00:00,,,54.540019,-1.262173,Male,10-17,White - White British (W1),White,Misuse of Drugs Act 1971 (section 23),Controlled drugs,Nothing found - no further action,,
Person search,2015-03-13T21:10:00+00:00,,,54.540019,-1.262173,Male,18-24,White - White British (W1),White,Misuse of Drugs Act 1971 (section 23),Controlled drugs,Nothing found - no further action,,
Person search,2015-03-13T21:10:00+00:00,,,54.540019,-1.262173,Male,10-17,White - White British (W1),White,Misuse of Drugs Act 1971 (section 23),Controlled drugs,Nothing found - no further action,,
Person search,2015-03-13T22:03:00+00:00,,,54.554516,-1.146055,Male,over 34,White - White British (W1),White,Misuse of Drugs Act 1971 (section 23),Controlled drugs,Nothing found - no further action,,
Person search,2015-03-13T22:03:00+00:00,,,54.554516,-1.146055,Male,25-34,White - White British (W1),White,Misuse of Drugs Act 1971 (section 23),Controlled drugs,Nothing found - no further action,,
Person search,2015-03-13T22:40:00+00:00,,,54.554165,-0.891094,Female,25-34,White - White British (W1),White,Misuse of Drugs Act 1971 (section 23),Controlled drugs,Nothing found - no further action,,
Person search,2015-03-13T22:40:00+00:00,,,54.554165,-0.891094,Male,25-34,White - White British (W1),White,Misuse of Drugs Act 1971 (section 23),Controlled drugs,Suspect arrested,True,
Person search,2015-03-14T00:34:00+00:00,,,54.684259,-1.217571,Male,25-34,White - White British (W1),White,Misuse of Drugs Act 1971 (section 23),Controlled drugs,Nothing found - no further action,,
Person search,2015-03-14T01:15:00+00:00,,,54.616704,-1.074790,Male,18-24,White - White British (W1),White,Police and Criminal Evidence Act 1984 (section 1),Stolen goods,Nothing found - no further action,,
Person search,2015-03-14T01:38:00+00:00,,,54.571453,-1.352790,Male,10-17,Asian or Asian British - Any other Asian ethnic background (A9),Asian,Misuse of Drugs Act 1971 (section 23),Controlled drugs,Nothing found - no further action,,
Person search,2015-03-14T02:00:00+00:00,,,54.569355,-1.247846,Male,18-24,White - White British (W1),White,Misuse of Drugs Act 1971 (section 23),Controlled drugs,Suspect arrested,False,
Person search,2015-03-14T02:35:00+00:00,,,54.564906,-1.243458,Male,over 34,White - White British (W1),White,Police and Criminal Evidence Act 1984 (section 1),Stolen goods,Nothing found - no further action,,
Person search,2015-03-14T02:50:00+00:00,,,54.548428,-1.316701,Male,10-17,White - White British (W1),White,Police and Criminal Evidence Act 1984 (section 1),Stolen goods,Suspect arrested,True,
Person search,2015-03-14T02:55:00+00:00,,,54.579656,-1.169835,Male,over 34,White - White British (W1),White,Police and Criminal Evidence Act 1984 (section 1),Stolen goods,Nothing found - no further action,,
Person search,2015-03-14T12:20:00+00:00,,,54.566460,-1.210935,Male,25-34,White - White British (W1),White,Police and Criminal Evidence Act 1984 (section 1),Stolen goods,Nothing found - no further action,,
Person search,2015-03-14T13:20:00+00:00,,,54.568504,-1.316613,Male,25-34,Asian or Asian British - Pakistani (A2),Asian,Misuse of Drugs Act 1971 (section 23),Controlled drugs,Nothing found - no further action,,
Person search,2015-03-14T14:50:00+00:00,,,54.571479,-1.166072,Male,10-17,White - White British (W1),White,Police and Criminal Evidence Act 1984 (section 1),Article for use in theft,Nothing found - no further action,,
Person search,2015-03-14T14:50:00+00:00,,,54.571479,-1.166072,Male,10-17,White - White British (W1),White,Police and Criminal Evidence Act 1984 (section 1),Article for use in theft,Nothing found - no further action,,
Person search,2015-03-14T18:10:00+00:00,,,54.580304,-1.236892,Male,10-17,White - White British (W1),White,Misuse of Drugs Act 1971 (section 23),Controlled drugs,Nothing found - no further action,,
Person search,2015-03-14T18:10:00+00:00,,,54.580304,-1.236892,Male,10-17,White - White British (W1),White,Misuse of Drugs Act 1971 (section 23),Controlled drugs,Nothing found - no further action,,
Person search,2015-03-14T18:49:00+00:00,,,54.564254,-1.315091,Male,18-24,White - White British (W1),White,Misuse of Drugs Act 1971 (section 23),Controlled drugs,Nothing found - no further action,,
Person search,2015-03-14T21:40:00+00:00,,,54.582924,-1.346775,Female,over 34,White - White British (W1),White,Police and Criminal Evidence Act 1984 (section 1),Offensive weapons,Nothing found - no further action,,
Person search,2015-03-15T00:25:00+00:00,,,54.601967,-1.358421,Male,25-34,White - White British (W1),White,Police and Criminal Evidence Act 1984 (section 1),Article for use in theft,Nothing found - no further action,,
Person search,2015-03-15T00:29:00+00:00,,,54.577128,-1.236224,Male,18-24,White - White British (W1),White,Misuse of Drugs Act 1971 (section 23),Controlled drugs,Suspect arrested,True,
Person search,2015-03-15T01:15:00+00:00,,,54.577743,-1.233985,Male,25-34,White - White British (W1),White,Misuse of Drugs Act 1971 (section 23),Controlled drugs,Nothing found - no further action,,
Person search,2015-03-15T01:35:00+00:00,,,54.699796,-1.228600,Male,18-24,White - White British (W1),White,Police and Criminal Evidence Act 1984 (section 1),Stolen goods,Nothing found - no further action,,
Person search,2015-03-15T01:35:00+00:00,,,54.699796,-1.228600,Male,25-34,White - White British (W1),White,Police and Criminal Evidence Act 1984 (section 1),Article for use in theft,Nothing found - no further action,,
Person search,2015-03-15T08:46:00+00:00,,,54.560049,-1.192796,Male,18-24,White - White British (W1),White,Police and Criminal Evidence Act 1984 (section 1),Article for use in theft,Nothing found - no further action,,
Person search,2015-03-15T09:00:00+00:00,,,54.560049,-1.192796,Male,18-24,White - White British (W1),White,Police and Criminal Evidence Act 1984 (section 1),Article for use in theft,Nothing found - no further action,,
Person search,2015-03-15T15:30:00+00:00,,,54.584082,-1.318843,Male,10-17,White - White British (W1),White,,Articles for use in criminal damage,Nothing found - no further action,,
Person search,2015-03-15T15:30:00+00:00,,,54.584082,-1.318843,Male,10-17,White - White British (W1),White,,Articles for use in criminal damage,Nothing found - no further action,,
Person search,2015-03-15T15:30:00+00:00,,,54.584082,-1.318843,Female,10-17,White - White British (W1),White,,Articles for use in criminal damage,Nothing found - no further action,,
Person search,2015-03-15T15:30:00+00:00,,,54.584082,-1.318843,Male,10-17,White - White British (W1),White,,Articles for use in criminal damage,Nothing found - no further action,,
Person search,2015-03-15T15:30:00+00:00,,,54.584082,-1.318843,,10-17,White - White British (W1),White,,Articles for use in criminal damage,Nothing found - no further action,,
Person search,2015-03-15T16:05:00+00:00,,,54.586449,-1.314533,Male,10-17,White - White British (W1),White,Misuse of Drugs Act 1971 (section 23),Controlled drugs,Suspect arrested,False,
Person search,2015-03-15T16:05:00+00:00,,,54.566205,-1.310449,Male,10-17,White - White British (W1),White,Police and Criminal Evidence Act 1984 (section 1),Article for use in theft,Nothing found - no further action,,
Person search,2015-03-15T16:05:00+00:00,,,54.566205,-1.310449,Male,10-17,White - White British (W1),White,Police and Criminal Evidence Act 1984 (section 1),Article for use in theft,Nothing found - no further action,,
Person search,2015-03-15T16:05:00+00:00,,,54.566205,-1.310449,Male,10-17,White - White British (W1),White,Police and Criminal Evidence Act 1984 (section 1),Article for use in theft,Nothing found - no further action,,
Person search,2015-03-15T16:06:00+00:00,,,54.586449,-1.314533,Male,10-17,White - White British (W1),White,Misuse of Drugs Act 1971 (section 23),Controlled drugs,Suspect arrested,False,
Person search,2015-03-15T17:20:00+00:00,,,54.542482,-1.173187,Male,18-24,White - White British (W1),White,Police and Criminal Evidence Act 1984 (section 1),Articles for use in criminal damage,Suspect arrested,True,
Person search,2015-03-15T17:20:00+00:00,,,54.542482,-1.173187,Male,18-24,White - White British (W1),White,Police and Criminal Evidence Act 1984 (section 1),Articles for use in criminal damage,Suspect arrested,True,
Person search,2015-03-15T17:49:00+00:00,,,54.563333,-1.319174,Male,over 34,White - White British (W1),White,Misuse of Drugs Act 1971 (section 23),Controlled drugs,Nothing found - no further action,,
Person search,2015-03-15T21:20:00+00:00,,,54.539718,-1.053610,Male,25-34,White - White British (W1),White,Misuse of Drugs Act 1971 (section 23),Controlled drugs,Nothing found - no further action,,
Person search,2015-03-15T23:55:00+00:00,,,54.559600,-1.141866,Male,18-24,White - White British (W1),White,Police and Criminal Evidence Act 1984 (section 1),Offensive weapons,Nothing found - no further action,,
Vehicle search,2015-03-16T01:20:00+00:00,,,54.596842,-1.069978,,,,,Police and Criminal Evidence Act 1984 (section 1),,,,
Person search,2015-03-16T03:10:00+00:00,,,54.548275,-1.229899,Male,25-34,White - White British (W1),White,Police and Criminal Evidence Act 1984 (section 1),Article for use in theft,Nothing found - no further action,,
Person search,2015-03-16T10:30:00+00:00,,,54.593683,-1.084691,Male,18-24,White - White British (W1),White,Police and Criminal Evidence Act 1984 (section 1),Article for use in theft,Nothing found - no further action,,
Person search,2015-03-16T14:00:00+00:00,,,54.570947,-1.242233,Male,over 34,Black or Black British - Any other Black ethnic background (B9),Black,Misuse of Drugs Act 1971 (section 23),Controlled drugs,Nothing found - no further action,,
Person search,2015-03-16T16:15:00+00:00,,,54.575922,-1.233199,Male,18-24,White - White British (W1),White,Police and Criminal Evidence Act 1984 (section 1),Stolen goods,Nothing found - no further action,,
Person search,2015-03-16T16:20:00+00:00,,,54.555135,-1.187651,Male,10-17,White - White British (W1),White,Misuse of Drugs Act 1971 (section 23),Controlled drugs,Nothing found - no further action,,
Person search,2015-03-17T03:47:00+00:00,,,54.678596,-1.207615,Male,over 34,White - White British (W1),White,Police and Criminal Evidence Act 1984 (section 1),Article for use in theft,Nothing found - no further action,,
Person search,2015-03-17T04:00:00+00:00,,,54.551563,-1.270205,Male,18-24,White - White British (W1),White,Misuse of Drugs Act 1971 (section 23),Controlled drugs,Nothing found - no further action,,
Person search,2015-03-17T13:40:00+00:00,,,54.615751,-1.260324,Male,25-34,White - White British (W1),White,Police and Criminal Evidence Act 1984 (section 1),Stolen goods,Nothing found - no further action,,
Person search,2015-03-17T14:20:00+00:00,,,54.553696,-1.198271,Male,25-34,White - White British (W1),White,Police and Criminal Evidence Act 1984 (section 1),Stolen goods,Nothing found - no further action,,
Person search,2015-03-17T15:15:00+00:00,,,54.576165,-1.237480,Male,25-34,White - White British (W1),White,Police and Criminal Evidence Act 1984 (section 1),Stolen goods,Suspect arrested,True,
Person search,2015-03-17T18:05:00+00:00,,,54.553696,-1.198271,Male,10-17,White - White British (W1),White,Police and Criminal Evidence Act 1984 (section 1),Article for use in theft,Nothing found - no further action,,
Person search,2015-03-17T21:30:00+00:00,,,54.568450,-1.243934,Male,25-34,White - White British (W1),White,Police and Criminal Evidence Act 1984 (section 1),Article for use in theft,Nothing found - no further action,,
Person search,2015-03-17T23:44:00+00:00,,,54.580614,-1.360195,Male,18-24,White - White British (W1),White,Police and Criminal Evidence Act 1984 (section 1),Article for use in theft,Nothing found - no further action,,
Person search,2015-03-18T01:00:00+00:00,,,54.532439,-1.241122,Male,18-24,Asian or Asian British - Any other Asian ethnic background (A9),Other,Misuse of Drugs Act 1971 (section 23),Controlled drugs,Nothing found - no further action,,
Person search,2015-03-18T01:00:00+00:00,,,54.566205,-1.310449,Male,18-24,White - White British (W1),White,Police and Criminal Evidence Act 1984 (section 1),Article for use in theft,Nothing found - no further action,,
Person search,2015-03-18T01:30:00+00:00,,,54.585452,-1.309985,Male,25-34,White - White British (W1),White,Misuse of Drugs Act 1971 (section 23),Controlled drugs,Nothing found - no further action,,
Person search,2015-03-18T01:30:00+00:00,,,54.566205,-1.310465,Male,18-24,White - White British (W1),White,Misuse of Drugs Act 1971 (section 23),Controlled drugs,Nothing found - no further action,,
Person search,2015-03-18T02:00:00+00:00,,,54.657330,-1.222491,Female,over 34,White - White British (W1),White,Police and Criminal Evidence Act 1984 (section 1),Article for use in theft,Nothing found - no further action,,
Person search,2015-03-18T02:15:00+00:00,,,54.532439,-1.241122,Male,18-24,White - White British (W1),White,Police and Criminal Evidence Act 1984 (section 1),Stolen goods,Nothing found - no further action,,
Person search,2015-03-18T03:23:00+00:00,,,54.550089,-1.251122,Male,25-34,White - White British (W1),White,Police and Criminal Evidence Act 1984 (section 1),Stolen goods,Nothing found - no further action,,
Person search,2015-03-18T03:30:00+00:00,,,54.550350,-1.258477,Male,25-34,White - White British (W1),White,Police and Criminal Evidence Act 1984 (section 1),Article for use in theft,Nothing found - no further action,,
Person search,2015-03-18T04:32:00+00:00,,,54.684096,-1.215884,Male,over 34,White - White British (W1),White,Police and Criminal Evidence Act 1984 (section 1),Article for use in theft,Nothing found - no further action,,
Person search,2015-03-18T09:25:00+00:00,,,54.570933,-1.240114,Male,18-24,White - White British (W1),White,Police and Criminal Evidence Act 1984 (section 1),Stolen goods,Nothing found - no further action,,
Person search,2015-03-18T10:20:00+00:00,,,54.521286,-1.242581,Male,18-24,White - White British (W1),White,Misuse of Drugs Act 1971 (section 23),Controlled drugs,Suspect arrested,True,
Person search,2015-03-18T13:50:00+00:00,,,54.675821,-1.216260,Male,25-34,White - White British (W1),White,Misuse of Drugs Act 1971 (section 23),Controlled drugs,Nothing found - no further action,,
Person search,2015-03-18T14:39:00+00:00,,,54.560870,-1.312643,Male,over 34,Black or Black British - African (B2),Black,Police and Criminal Evidence Act 1984 (section 1),Article for use in theft,Nothing found - no further action,,
Person search,2015-03-18T14:50:00+00:00,,,54.567273,-1.249740,Male,over 34,White - White British (W1),White,Police and Criminal Evidence Act 1984 (section 1),Controlled drugs,Nothing found - no further action,,
Person search,2015-03-18T14:52:00+00:00,,,54.552724,-1.229892,Male,over 34,White - White British (W1),White,Misuse of Drugs Act 1971 (section 23),Controlled drugs,Suspect summonsed to court,True,
Person search,2015-03-18T14:54:00+00:00,,,54.560870,-1.312643,Male,over 34,White - White British (W1),White,Police and Criminal Evidence Act 1984 (section 1),Article for use in theft,Nothing found - no further action,,
Person search,2015-03-18T15:55:00+00:00,,,54.570711,-1.246212,Male,over 34,Black or Black British - Any other Black ethnic background (B9),Black,Police and Criminal Evidence Act 1984 (section 1),Offensive weapons,Nothing found - no further action,,
Person search,2015-03-18T16:13:00+00:00,,,54.560005,-1.305899,Male,25-34,White - White British (W1),White,Police and Criminal Evidence Act 1984 (section 1),Article for use in theft,Nothing found - no further action,,
Person search,2015-03-18T16:13:00+00:00,,,54.560005,-1.305899,Male,over 34,White - White British (W1),White,Police and Criminal Evidence Act 1984 (section 1),Article for use in theft,Nothing found - no further action,,
Person search,2015-03-18T16:35:00+00:00,,,54.684259,-1.217571,Male,25-34,White - White British (W1),White,Police and Criminal Evidence Act 1984 (section 1),Stolen goods,Nothing found - no further action,,
Person search,2015-03-18T17:00:00+00:00,,,54.688770,-1.214677,Male,over 34,White - White British (W1),White,Police and Criminal Evidence Act 1984 (section 1),Article for use in theft,Nothing found - no further action,,
Person search,2015-03-18T17:27:00+00:00,,,54.576596,-1.233109,Male,10-17,White - White British (W1),White,Misuse of Drugs Act 1971 (section 23),Controlled drugs,Nothing found - no further action,,
Person search,2015-03-18T17:27:00+00:00,,,54.576596,-1.233109,Male,18-24,White - White British (W1),White,Misuse of Drugs Act 1971 (section 23),Controlled drugs,Offender given drugs possession warning,True,
Person search,2015-03-18T17:27:00+00:00,,,54.576596,-1.233109,Male,10-17,White - White British (W1),White,Misuse of Drugs Act 1971 (section 23),Controlled drugs,Nothing found - no further action,,
Person search,2015-03-18T17:27:00+00:00,,,54.576596,-1.233109,Male,25-34,White - White British (W1),White,Misuse of Drugs Act 1971 (section 23),Controlled drugs,Nothing found - no further action,,
Person search,2015-03-18T17:27:00+00:00,,,54.576596,-1.233109,Male,18-24,White - White British (W1),White,Misuse of Drugs Act 1971 (section 23),Controlled drugs,Nothing found - no further action,,
Person search,2015-03-18T17:39:00+00:00,,,54.551941,-1.214369,Male,over 34,White - White British (W1),White,Misuse of Drugs Act 1971 (section 23),Controlled drugs,Nothing found - no further action,,
Person search,2015-03-18T21:00:00+00:00,,,54.580304,-1.236892,Male,over 34,White - White British (W1),White,Police and Criminal Evidence Act 1984 (section 1),Stolen goods,Nothing found - no further action,,
Person search,2015-03-18T21:40:00+00:00,,,54.561738,-1.177947,Male,over 34,White - White British (W1),White,Police and Criminal Evidence Act 1984 (section 1),Article for use in theft,Nothing found - no further action,,
Person search,2015-03-19T00:30:00+00:00,,,54.553880,-1.360551,Male,25-34,White - White British (W1),White,Police and Criminal Evidence Act 1984 (section 1),Stolen goods,Nothing found - no further action,,
Person search,2015-03-19T01:06:00+00:00,,,54.596639,-1.078635,Male,18-24,White - White British (W1),White,Police and Criminal Evidence Act 1984 (section 1),Article for use in theft,Nothing found - no further action,,
Person search,2015-03-19T01:06:00+00:00,,,54.596639,-1.078635,Male,10-17,White - White British (W1),White,Police and Criminal Evidence Act 1984 (section 1),Article for use in theft,Nothing found - no further action,,
Person search,2015-03-19T01:25:00+00:00,,,54.570947,-1.242233,Male,over 34,Asian or Asian British - Any other Asian ethnic background (A9),Asian,Police and Criminal Evidence Act 1984 (section 1),Offensive weapons,Nothing found - no further action,,
Person search,2015-03-19T01:30:00+00:00,,,54.513210,-1.209443,Male,18-24,White - White British (W1),White,Police and Criminal Evidence Act 1984 (section 1),Offensive weapons,,,
Person search,2015-03-19T05:00:00+00:00,,,54.549322,-1.247658,Male,over 34,White - White British (W1),White,Police and Criminal Evidence Act 1984 (section 1),Stolen goods,Nothing found - no further action,,
Person search,2015-03-19T10:50:00+00:00,,,54.570150,-1.206285,Male,18-24,White - White British (W1),White,Misuse of Drugs Act 1971 (section 23),Controlled drugs,Nothing found - no further action,,
Person search,2015-03-19T10:50:00+00:00,,,54.570150,-1.206285,Male,18-24,White - White British (W1),White,Misuse of Drugs Act 1971 (section 23),Controlled drugs,Nothing found - no further action,,
Person search,2015-03-19T14:00:00+00:00,,,54.560433,-1.243866,Male,over 34,White - White British (W1),White,Police and Criminal Evidence Act 1984 (section 1),Controlled drugs,Nothing found - no further action,,
Person search,2015-03-19T14:02:00+00:00,,,54.560449,-1.243510,Male,18-24,White - White British (W1),White,Police and Criminal Evidence Act 1984 (section 1),Stolen goods,Nothing found - no further action,,
Person search,2015-03-19T14:03:00+00:00,,,54.564938,-1.241354,Male,25-34,Asian or Asian British - Any other Asian ethnic background (A9),Other,Misuse of Drugs Act 1971 (section 23),Controlled drugs,Suspect arrested,True,
Person search,2015-03-19T14:03:00+00:00,,,54.564938,-1.241354,Male,over 34,Asian or Asian British - Any other Asian ethnic background (A9),Other,Misuse of Drugs Act 1971 (section 23),Controlled drugs,Suspect arrested,True,
Person search,2015-03-19T15:15:00+00:00,,,54.560449,-1.243510,Male,18-24,White - White British (W1),White,Police and Criminal Evidence Act 1984 (section 1),Offensive weapons,Nothing found - no further action,,
Person search,2015-03-19T15:50:00+00:00,,,54.603230,-1.070854,Male,10-17,White - White British (W1),White,Police and Criminal Evidence Act 1984 (section 1),Article for use in theft,Suspect arrested,True,
Person search,2015-03-19T17:15:00+00:00,,,54.618064,-1.074000,Male,25-34,White - White British (W1),White,Misuse of Drugs Act 1971 (section 23),Controlled drugs,Nothing found - no further action,,
Person search,2015-03-19T17:15:00+00:00,,,54.618064,-1.074000,Male,25-34,White - White British (W1),White,Misuse of Drugs Act 1971 (section 23),Controlled drugs,Nothing found - no further action,,
Vehicle search,2015-03-19T18:00:00+00:00,,,54.577129,-1.324049,,,,,Misuse of Drugs Act 1971 (section 23),,,,
Person search,2015-03-19T18:00:00+00:00,,,54.577129,-1.324049,Male,25-34,White - White British (W1),White,Misuse of Drugs Act 1971 (section 23),Controlled drugs,Nothing found - no further action,,
Person search,2015-03-19T19:15:00+00:00,,,54.570070,-1.228622,Male,18-24,White - White British (W1),White,Police and Criminal Evidence Act 1984 (section 1),Stolen goods,Suspect arrested,False,
Person search,2015-03-19T21:54:00+00:00,,,54.576661,-1.240533,Male,25-34,White - White British (W1),White,Police and Criminal Evidence Act 1984 (section 1),Article for use in theft,Nothing found - no further action,,
Person search,2015-03-19T21:58:00+00:00,,,54.545406,-1.253929,Male,over 34,White - White British (W1),White,Police and Criminal Evidence Act 1984 (section 1),Article for use in theft,Nothing found - no further action,,
Person search,2015-03-19T22:50:00+00:00,,,54.563853,-1.241761,Male,25-34,White - White British (W1),White,Misuse of Drugs Act 1971 (section 23),Controlled drugs,Nothing found - no further action,,
Person search,2015-03-19T23:20:00+00:00,,,54.571683,-1.201677,Male,25-34,White - White British (W1),White,Police and Criminal Evidence Act 1984 (section 1),Article for use in theft,Nothing found - no further action,,
Person search,2015-03-19T23:20:00+00:00,,,54.571683,-1.201677,Male,18-24,White - White British (W1),White,Police and Criminal Evidence Act 1984 (section 1),Article for use in theft,Nothing found - no further action,,
Person search,2015-03-20T00:20:00+00:00,,,54.686079,-1.211347,Male,18-24,White - White British (W1),White,Police and Criminal Evidence Act 1984 (section 1),Stolen goods,Nothing found - no further action,,
Person search,2015-03-20T01:55:00+00:00,,,54.572789,-1.174940,Male,25-34,White - White British (W1),White,Police and Criminal Evidence Act 1984 (section 1),Stolen goods,Nothing found - no further action,,
Person search,2015-03-20T02:20:00+00:00,,,54.569915,-1.251208,Male,25-34,White - White British (W1),White,Police and Criminal Evidence Act 1984 (section 1),Article for use in theft,Nothing found - no further action,,
Person search,2015-03-20T02:45:00+00:00,,,54.574645,-1.227360,Male,18-24,White - White British (W1),White,Misuse of Drugs Act 1971 (section 23),Controlled drugs,Nothing found - no further action,,
Person search,2015-03-20T02:45:00+00:00,,,54.574645,-1.227360,Male,18-24,White - White British (W1),White,Misuse of Drugs Act 1971 (section 23),Controlled drugs,Nothing found - no further action,,
Person search,2015-03-20T03:20:00+00:00,,,54.526798,-1.232976,Male,over 34,White - White British (W1),White,Police and Criminal Evidence Act 1984 (section 1),Article for use in theft,Nothing found - no further action,,
Person search,2015-03-20T07:49:00+00:00,,,54.551510,-1.231198,Male,18-24,White - White British (W1),White,Police and Criminal Evidence Act 1984 (section 1),Stolen goods,Nothing found - no further action,,
Person search,2015-03-20T11:02:00+00:00,,,54.570862,-1.139495,Male,10-17,White - White British (W1),White,Police and Criminal Evidence Act 1984 (section 1),Article for use in theft,Nothing found - no further action,,
Person and Vehicle search,2015-03-20T20:00:00+00:00,,,54.583970,-1.360854,Male,25-34,White - White British (W1),White,Misuse of Drugs Act 1971 (section 23),Controlled drugs,Nothing found - no further action,,
Person search,2015-03-20T21:16:00+00:00,,,54.552013,-1.164722,Male,10-17,White - White British (W1),White,Police and Criminal Evidence Act 1984 (section 1),Article for use in theft,Nothing found - no further action,,
Person search,2015-03-20T21:16:00+00:00,,,54.552013,-1.164722,Male,10-17,White - White British (W1),White,Police and Criminal Evidence Act 1984 (section 1),Article for use in theft,Nothing found - no further action,,
Person search,2015-03-20T21:16:00+00:00,,,54.552013,-1.164722,Male,10-17,White - White British (W1),White,Police and Criminal Evidence Act 1984 (section 1),Article for use in theft,Nothing found - no further action,,
Person search,2015-03-20T21:16:00+00:00,,,54.552013,-1.164722,Male,25-34,White - White British (W1),White,Police and Criminal Evidence Act 1984 (section 1),Article for use in theft,Nothing found - no further action,,
Person search,2015-03-20T21:16:00+00:00,,,54.552013,-1.164722,Male,10-17,White - White British (W1),White,Police and Criminal Evidence Act 1984 (section 1),Article for use in theft,Nothing found - no further action,,
Person search,2015-03-20T21:16:00+00:00,,,54.552013,-1.164722,Male,18-24,White - White British (W1),White,Police and Criminal Evidence Act 1984 (section 1),Article for use in theft,Nothing found - no further action,,
Person search,2015-03-20T21:30:00+00:00,,,54.552013,-1.164722,Male,10-17,White - White British (W1),White,Police and Criminal Evidence Act 1984 (section 1),Article for use in theft,Nothing found - no further action,,
Person search,2015-03-20T21:30:00+00:00,,,54.552013,-1.164722,Male,10-17,White - White British (W1),White,Police and Criminal Evidence Act 1984 (section 1),Article for use in theft,Nothing found - no further action,,
Person search,2015-03-20T21:30:00+00:00,,,54.552013,-1.164722,Male,10-17,White - White British (W1),White,Police and Criminal Evidence Act 1984 (section 1),Article for use in theft,Nothing found - no further action,,
Person search,2015-03-20T21:30:00+00:00,,,54.552013,-1.164722,Male,10-17,White - White British (W1),White,Police and Criminal Evidence Act 1984 (section 1),Article for use in theft,Nothing found - no further action,,
Person search,2015-03-20T23:30:00+00:00,,,54.690296,-1.208954,Male,over 34,White - White British (W1),White,Police and Criminal Evidence Act 1984 (section 1),Stolen goods,Suspect arrested,True,
Person search,2015-03-21T00:00:00+00:00,,,54.677277,-1.223242,Male,,White - White British (W1),White,Police and Criminal Evidence Act 1984 (section 1),Offensive weapons,Nothing found - no further action,,
Person search,2015-03-21T00:00:00+00:00,,,54.684259,-1.217571,Male,10-17,White - White British (W1),White,Police and Criminal Evidence Act 1984 (section 1),Offensive weapons,Nothing found - no further action,,
Person search,2015-03-21T00:00:00+00:00,,,54.684259,-1.217571,Female,18-24,White - White British (W1),White,Misuse of Drugs Act 1971 (section 23),Article for use in theft,Nothing found - no further action,,
Person search,2015-03-21T02:20:00+00:00,,,54.570154,-1.239138,Male,25-34,White - White British (W1),White,Misuse of Drugs Act 1971 (section 23),Controlled drugs,Offender given drugs possession warning,True,
Person search,2015-03-21T10:00:00+00:00,,,54.560124,-1.141036,Male,10-17,White - White British (W1),White,Police and Criminal Evidence Act 1984 (section 1),Controlled drugs,Suspect arrested,,
Person search,2015-03-21T12:43:00+00:00,,,54.551941,-1.214369,Male,over 34,White - White British (W1),White,Police and Criminal Evidence Act 1984 (section 1),Stolen goods,Suspect arrested,True,
Person search,2015-03-21T14:15:00+00:00,,,54.556246,-1.311793,Male,over 34,White - White British (W1),White,Police and Criminal Evidence Act 1984 (section 1),Stolen goods,Nothing found - no further action,,
Person search,2015-03-21T14:15:00+00:00,,,54.556246,-1.311793,Male,10-17,White - White British (W1),,Police and Criminal Evidence Act 1984 (section 1),Stolen goods,Nothing found - no further action,,
Person search,2015-03-21T14:25:00+00:00,,,54.565483,-1.311591,Male,25-34,White - White British (W1),White,Misuse of Drugs Act 1971 (section 23),Controlled drugs,Nothing found - no further action,,
Person search,2015-03-21T23:25:00+00:00,,,54.571453,-1.352790,Male,10-17,White - White British (W1),White,Police and Criminal Evidence Act 1984 (section 1),Stolen goods,Suspect arrested,True,
Person search,2015-03-22T00:00:00+00:00,,,54.701222,-1.192137,Male,18-24,White - White British (W1),White,Police and Criminal Evidence Act 1984 (section 1),Offensive weapons,Nothing found - no further action,,
Person search,2015-03-22T00:40:00+00:00,,,54.694743,-1.219774,Male,10-17,White - White British (W1),White,Police and Criminal Evidence Act 1984 (section 1),Article for use in theft,Nothing found - no further action,,
Person search,2015-03-22T01:30:00+00:00,,,54.570329,-1.249839,Male,25-34,White - White British (W1),White,Misuse of Drugs Act 1971 (section 23),Controlled drugs,Nothing found - no further action,,
Person search,2015-03-22T03:25:00+00:00,,,54.571193,-1.146913,Male,18-24,White - White British (W1),White,Police and Criminal Evidence Act 1984 (section 1),Article for use in theft,Nothing found - no further action,,
Person search,2015-03-22T03:25:00+00:00,,,54.571193,-1.146913,Male,18-24,White - White British (W1),White,Police and Criminal Evidence Act 1984 (section 1),Article for use in theft,Nothing found - no further action,,
Person search,2015-03-22T04:00:00+00:00,,,54.697681,-1.223861,Male,25-34,White - White British (W1),White,Police and Criminal Evidence Act 1984 (section 1),Article for use in theft,Nothing found - no further action,,
Person search,2015-03-22T11:20:00+00:00,,,54.576165,-1.237480,Male,over 34,White - White British (W1),White,Police and Criminal Evidence Act 1984 (section 1),Stolen goods,Suspect arrested,True,
Person search,2015-03-22T14:00:00+00:00,,,54.554172,-1.143155,Male,10-17,White - White British (W1),White,Police and Criminal Evidence Act 1984 (section 1),Article for use in theft,Nothing found - no further action,,
Person search,2015-03-22T14:00:00+00:00,,,54.554172,-1.143155,Male,10-17,White - White British (W1),White,Police and Criminal Evidence Act 1984 (section 1),Article for use in theft,Nothing found - no further action,,
Person search,2015-03-22T14:00:00+00:00,,,54.554172,-1.143155,Male,10-17,White - White British (W1),White,Police and Criminal Evidence Act 1984 (section 1),Article for use in theft,Nothing found - no further action,,
Person search,2015-03-22T14:00:00+00:00,,,54.560124,-1.141036,Male,10-17,White - White British (W1),White,Police and Criminal Evidence Act 1984 (section 1),Article for use in theft,Nothing found - no further action,,
Person search,2015-03-22T14:00:00+00:00,,,54.560124,-1.141036,Male,10-17,White - White British (W1),White,Police and Criminal Evidence Act 1984 (section 1),Article for use in theft,Nothing found - no further action,,
Person search,2015-03-22T15:15:00+00:00,,,54.606709,-1.290228,Male,10-17,White - White British (W1),White,Police and Criminal Evidence Act 1984 (section 1),Article for use in theft,Nothing found - no further action,,
Person search,2015-03-22T17:50:00+00:00,,,54.687300,-1.219467,Male,over 34,White - White British (W1),White,Police and Criminal Evidence Act 1984 (section 1),Stolen goods,Nothing found - no further action,,
Person search,2015-03-22T21:00:00+00:00,,,54.537653,-1.218832,Male,10-17,White - White British (W1),White,Misuse of Drugs Act 1971 (section 23),Controlled drugs,Nothing found - no further action,,
Person search,2015-03-22T21:00:00+00:00,,,54.537653,-1.218832,Male,10-17,White - White British (W1),White,Misuse of Drugs Act 1971 (section 23),Controlled drugs,Nothing found - no further action,,
Person search,2015-03-22T21:00:00+00:00,,,54.537653,-1.218832,Male,10-17,White - White British (W1),White,Misuse of Drugs Act 1971 (section 23),Controlled drugs,Nothing found - no further action,,
Person search,2015-03-22T21:14:00+00:00,,,54.566970,-1.247333,Male,18-24,Not Stated (NS),,Police and Criminal Evidence Act 1984 (section 1),Offensive weapons,,,
Person search,2015-03-22T21:23:00+00:00,,,54.664387,-1.214480,Male,over 34,White - White British (W1),White,Police and Criminal Evidence Act 1984 (section 1),Article for use in theft,Nothing found - no further action,,
Person search,2015-03-23T00:50:00+00:00,,,54.571161,-1.150069,Male,over 34,White - White British (W1),White,Police and Criminal Evidence Act 1984 (section 1),Article for use in theft,Suspect arrested,False,
Person search,2015-03-23T00:50:00+00:00,,,54.571161,-1.150069,Male,over 34,White - White British (W1),White,Police and Criminal Evidence Act 1984 (section 1),Article for use in theft,Nothing found - no further action,,
Person search,2015-03-23T00:50:00+00:00,,,54.571161,-1.150069,Male,over 34,White - White British (W1),White,Police and Criminal Evidence Act 1984 (section 1),Article for use in theft,Nothing found - no further action,,
Person search,2015-03-23T08:21:00+00:00,,,54.552727,-1.298416,Male,18-24,White - White British (W1),White,Misuse of Drugs Act 1971 (section 23),Controlled drugs,Nothing found - no further action,,
Person search,2015-03-23T14:50:00+00:00,,,54.570017,-1.232985,Female,over 34,White - White British (W1),White,Misuse of Drugs Act 1971 (section 23),Controlled drugs,Nothing found - no further action,,
Person search,2015-03-23T15:20:00+00:00,,,54.567912,-1.237015,Male,over 34,White - White British (W1),White,Misuse of Drugs Act 1971 (section 23),Controlled drugs,Nothing found - no further action,,
Person search,2015-03-23T20:40:00+00:00,,,54.582985,-1.352994,Male,25-34,White - White British (W1),White,Police and Criminal Evidence Act 1984 (section 1),Articles for use in criminal damage,Nothing found - no further action,,
Person search,2015-03-24T05:10:00+00:00,,,54.572254,-1.324934,Male,18-24,White - White British (W1),,Police and Criminal Evidence Act 1984 (section 1),Offensive weapons,Nothing found - no further action,,
Person search,2015-03-24T11:30:00+00:00,,,54.659177,-1.212054,Male,18-24,White - White British (W1),White,Police and Criminal Evidence Act 1984 (section 1),Offensive weapons,,,
Person search,2015-03-24T15:15:00+00:00,,,54.618231,-1.064163,Male,over 34,White - White British (W1),White,Police and Criminal Evidence Act 1984 (section 1),Stolen goods,Nothing found - no further action,,
Person search,2015-03-24T15:17:00+00:00,,,54.554718,-1.192530,Male,25-34,White - White British (W1),White,Police and Criminal Evidence Act 1984 (section 1),Article for use in theft,Nothing found - no further action,,
Person search,2015-03-24T21:04:00+00:00,,,54.572638,-1.355834,Female,25-34,White - White British (W1),White,Misuse of Drugs Act 1971 (section 23),Controlled drugs,Nothing found - no further action,,
Person search,2015-03-25T02:30:00+00:00,,,54.549569,-1.170075,Male,10-17,White - White British (W1),White,Police and Criminal Evidence Act 1984 (section 1),Offensive weapons,Nothing found - no further action,,
Person search,2015-03-25T03:10:00+00:00,,,54.704709,-1.207199,Male,over 34,White - White British (W1),White,Police and Criminal Evidence Act 1984 (section 1),Article for use in theft,Nothing found - no further action,,
Person search,2015-03-25T11:00:00+00:00,,,54.565740,-1.312468,Male,25-34,White - White British (W1),White,Misuse of Drugs Act 1971 (section 23),Controlled drugs,Nothing found - no further action,,
Person search,2015-03-25T11:00:00+00:00,,,54.565733,-1.312793,Male,over 34,White - White British (W1),White,Misuse of Drugs Act 1971 (section 23),Controlled drugs,Nothing found - no further action,,
Person search,2015-03-25T11:00:00+00:00,,,54.565740,-1.312468,Male,over 34,White - White British (W1),White,Misuse of Drugs Act 1971 (section 23),Controlled drugs,Nothing found - no further action,,
Person search,2015-03-25T12:03:00+00:00,,,54.564911,-1.312095,Male,over 34,White - White British (W1),White,Police and Criminal Evidence Act 1984 (section 1),Stolen goods,Nothing found - no further action,,
Person search,2015-03-25T12:20:00+00:00,,,54.564911,-1.312095,Male,18-24,White - White British (W1),White,Police and Criminal Evidence Act 1984 (section 1),Stolen goods,Nothing found - no further action,,
Person search,2015-03-25T13:50:00+00:00,,,54.542449,-1.228045,Male,10-17,White - White British (W1),White,Police and Criminal Evidence Act 1984 (section 1),Firearms,Suspect summonsed to court,True,
Person search,2015-03-25T14:20:00+00:00,,,54.564938,-1.241354,Male,over 34,White - White British (W1),White,Misuse of Drugs Act 1971 (section 23),Controlled drugs,Nothing found - no further action,,
Person search,2015-03-25T14:45:00+00:00,,,54.565710,-1.310319,Male,over 34,White - White British (W1),White,Police and Criminal Evidence Act 1984 (section 1),Stolen goods,Nothing found - no further action,,
Person search,2015-03-25T15:00:00+00:00,,,54.570711,-1.246212,Male,over 34,White - White British (W1),White,Police and Criminal Evidence Act 1984 (section 1),Stolen goods,Nothing found - no further action,,
Person search,2015-03-25T15:00:00+00:00,,,54.570711,-1.246212,Male,25-34,White - White British (W1),White,Police and Criminal Evidence Act 1984 (section 1),Stolen goods,Nothing found - no further action,,
Person search,2015-03-25T15:04:00+00:00,,,54.570711,-1.246212,Male,over 34,White - White British (W1),White,Police and Criminal Evidence Act 1984 (section 1),Stolen goods,Nothing found - no further action,,
Person search,2015-03-25T17:20:00+00:00,,,54.563422,-1.307867,Male,25-34,Black or Black British - African (B2),Black,Misuse of Drugs Act 1971 (section 23),Controlled drugs,Suspect arrested,True,
Person search,2015-03-25T18:10:00+00:00,,,,,Male,10-17,White - White British (W1),White,Police and Criminal Evidence Act 1984 (section 1),Article for use in theft,Nothing found - no further action,,
Person search,2015-03-25T18:10:00+00:00,,,,,Male,10-17,White - White British (W1),White,Police and Criminal Evidence Act 1984 (section 1),Article for use in theft,Nothing found - no further action,,
Person search,2015-03-25T22:15:00+00:00,,,54.556207,-1.211210,Male,25-34,White - White British (W1),White,Misuse of Drugs Act 1971 (section 23),Controlled drugs,Suspect arrested,True,
Person search,2015-03-26T00:07:00+00:00,,,54.664725,-1.242163,Male,18-24,White - White British (W1),White,Misuse of Drugs Act 1971 (section 23),Controlled drugs,Nothing found - no further action,,
Person search,2015-03-26T01:20:00+00:00,,,54.581109,-1.356954,Male,25-34,White - White British (W1),White,Police and Criminal Evidence Act 1984 (section 1),Stolen goods,Nothing found - no further action,,
Person search,2015-03-26T08:30:00+00:00,,,54.570394,-1.241501,Male,18-24,Asian or Asian British - Any other Asian ethnic background (A9),White,Misuse of Drugs Act 1971 (section 23),Controlled drugs,Nothing found - no further action,,
Person search,2015-03-26T09:25:00+00:00,,,54.568895,-1.249107,Male,10-17,White - White British (W1),White,Police and Criminal Evidence Act 1984 (section 1),Article for use in theft,Nothing found - no further action,,
Person search,2015-03-26T09:25:00+00:00,,,54.568895,-1.249107,Male,10-17,White - White British (W1),White,Police and Criminal Evidence Act 1984 (section 1),Article for use in theft,Nothing found - no further action,,
Person search,2015-03-26T10:47:00+00:00,,,54.568895,-1.249107,Male,25-34,White - White British (W1),White,Police and Criminal Evidence Act 1984 (section 1),Stolen goods,Suspect arrested,True,
Person search,2015-03-26T10:55:00+00:00,,,54.575052,-1.237732,Female,over 34,White - White British (W1),White,Police and Criminal Evidence Act 1984 (section 1),Stolen goods,Suspect arrested,True,
Person search,2015-03-26T11:50:00+00:00,,,54.563830,-1.314758,Male,over 34,White - White British (W1),White,Police and Criminal Evidence Act 1984 (section 1),Stolen goods,Nothing found - no further action,,
Person search,2015-03-26T14:50:00+00:00,,,54.540425,-1.050873,Male,25-34,White - White British (W1),White,Police and Criminal Evidence Act 1984 (section 1),Stolen goods,Nothing found - no further action,,
Person search,2015-03-26T15:05:00+00:00,,,54.569175,-1.246426,Male,over 34,White - White British (W1),White,Police and Criminal Evidence Act 1984 (section 1),Stolen goods,Suspect arrested,True,
Person search,2015-03-26T17:41:00+00:00,,,54.550614,-1.202444,Male,over 34,White - White British (W1),White,Misuse of Drugs Act 1971 (section 23),Controlled drugs,Suspect summonsed to court,True,
Person search,2015-03-26T18:53:00+00:00,,,54.568895,-1.249107,Male,25-34,White - White British (W1),White,Police and Criminal Evidence Act 1984 (section 1),Stolen goods,Suspect arrested,True,
Person and Vehicle search,2015-03-26T19:15:00+00:00,,,54.540425,-1.050873,Male,18-24,White - White British (W1),White,Police and Criminal Evidence Act 1984 (section 1),Article for use in theft,Nothing found - no further action,,
Person and Vehicle search,2015-03-26T19:15:00+00:00,,,54.540425,-1.050873,Male,25-34,White - White British (W1),White,Police and Criminal Evidence Act 1984 (section 1),Article for use in theft,Nothing found - no further action,,
Person and Vehicle search,2015-03-26T19:15:00+00:00,,,54.561305,-1.063982,Male,25-34,White - White British (W1),White,Police and Criminal Evidence Act 1984 (section 1),Article for use in theft,Nothing found - no further action,,
Person search,2015-03-26T23:20:00+00:00,,,54.535186,-1.215340,Male,10-17,White - White British (W1),White,Police and Criminal Evidence Act 1984 (section 1),Article for use in theft,Nothing found - no further action,,
Person search,2015-03-26T23:20:00+00:00,,,54.543409,-1.323957,Male,18-24,White - White British (W1),White,Misuse of Drugs Act 1971 (section 23),Controlled drugs,Nothing found - no further action,,
Person search,2015-03-26T23:25:00+00:00,,,54.526228,-1.239584,Male,10-17,White - White British (W1),White,Firearms Act 1968 (section 47),Article for use in theft,Nothing found - no further action,,
Person search,2015-03-26T23:50:00+00:00,,,54.564254,-1.319885,Female,18-24,White - White British (W1),White,Misuse of Drugs Act 1971 (section 23),Controlled drugs,Nothing found - no further action,,
Person search,2015-03-27T01:09:00+00:00,,,54.585312,-1.337994,Male,18-24,White - White British (W1),White,Police and Criminal Evidence Act 1984 (section 1),Stolen goods,Nothing found - no further action,,
Person search,2015-03-27T01:15:00+00:00,,,54.566335,-1.218067,Male,10-17,White - White British (W1),White,Police and Criminal Evidence Act 1984 (section 1),Firearms,Nothing found - no further action,,
Person search,2015-03-27T01:15:00+00:00,,,54.566335,-1.218067,Male,10-17,White - White British (W1),White,Police and Criminal Evidence Act 1984 (section 1),Firearms,Nothing found - no further action,,
Person search,2015-03-27T01:45:00+00:00,,,54.578408,-1.310197,Male,10-17,White - White British (W1),White,Misuse of Drugs Act 1971 (section 23),Controlled drugs,Suspect summonsed to court,True,
Person search,2015-03-27T01:46:00+00:00,,,54.687009,-1.214742,Male,25-34,White - White British (W1),White,Police and Criminal Evidence Act 1984 (section 1),Stolen goods,Nothing found - no further action,,
Person search,2015-03-27T01:50:00+00:00,,,54.565710,-1.310319,Male,18-24,White - White British (W1),White,Misuse of Drugs Act 1971 (section 23),Controlled drugs,Nothing found - no further action,,
Person search,2015-03-27T03:45:00+00:00,,,54.592586,-1.020395,Male,over 34,White - White British (W1),White,Misuse of Drugs Act 1971 (section 23),Controlled drugs,Nothing found - no further action,,
Person search,2015-03-27T04:00:00+00:00,,,54.568633,-1.243003,Male,over 34,White - White British (W1),White,Misuse of Drugs Act 1971 (section 23),Controlled drugs,Nothing found - no further action,,
Person and Vehicle search,2015-03-27T04:25:00+00:00,,,54.522729,-1.210959,Male,18-24,White - White British (W1),White,Police and Criminal Evidence Act 1984 (section 1),Article for use in theft,Suspect arrested,True,
Person search,2015-03-27T04:40:00+00:00,,,54.567890,-1.242027,Male,over 34,White - White British (W1),White,Police and Criminal Evidence Act 1984 (section 1),Article for use in theft,Nothing found - no further action,,
Person search,2015-03-27T06:50:00+00:00,,,54.577157,-1.233748,Male,over 34,White - White British (W1),White,Police and Criminal Evidence Act 1984 (section 1),Article for use in theft,Suspect arrested,False,
Person search,2015-03-27T14:00:00+00:00,,,54.537596,-1.289696,Male,25-34,White - White British (W1),White,Police and Criminal Evidence Act 1984 (section 1),Stolen goods,Suspect arrested,True,
Person search,2015-03-27T15:05:00+00:00,,,54.685298,-1.215581,Male,over 34,White - White British (W1),White,Police and Criminal Evidence Act 1984 (section 1),Offensive weapons,Nothing found - no further action,,
Person search,2015-03-27T16:36:00+00:00,,,54.572374,-1.237751,Male,10-17,White - Any other White ethnic background (W9),White,Police and Criminal Evidence Act 1984 (section 1),Stolen goods,Suspect arrested,False,
Person search,2015-03-27T16:40:00+00:00,,,54.572374,-1.237751,Male,10-17,White - Any other White ethnic background (W9),White,Police and Criminal Evidence Act 1984 (section 1),Stolen goods,Suspect arrested,True,
Person search,2015-03-27T18:14:00+00:00,,,54.588005,-1.016265,Male,over 34,White - White British (W1),White,Police and Criminal Evidence Act 1984 (section 1),Stolen goods,Suspect arrested,True,
Person search,2015-03-27T22:02:00+00:00,,,54.569106,-1.238199,Male,18-24,Asian or Asian British - Any other Asian ethnic background (A9),Asian,Police and Criminal Evidence Act 1984 (section 1),Offensive weapons,Nothing found - no further action,,
Person search,2015-03-27T23:05:00+00:00,,,54.566272,-1.317516,Male,18-24,White - White British (W1),White,Police and Criminal Evidence Act 1984 (section 1),Article for use in theft,Nothing found - no further action,,
Person search,2015-03-27T23:50:00+00:00,,,54.576661,-1.240533,Male,18-24,White - White British (W1),White,Misuse of Drugs Act 1971 (section 23),Controlled drugs,Nothing found - no further action,,
Person search,2015-03-27T23:50:00+00:00,,,54.570189,-1.259277,Male,18-24,White - White British (W1),White,Misuse of Drugs Act 1971 (section 23),Controlled drugs,Nothing found - no further action,,
Person search,2015-03-28T00:42:00+00:00,,,54.549949,-1.269476,Male,25-34,Not Stated (NS),Other,Police and Criminal Evidence Act 1984 (section 1),Stolen goods,Suspect arrested,False,
Person search,2015-03-28T01:00:00+00:00,,,54.578701,-1.151289,Male,18-24,White - White British (W1),White,Misuse of Drugs Act 1971 (section 23),Controlled drugs,Nothing found - no further action,,
Person search,2015-03-28T01:00:00+00:00,,,54.578701,-1.151289,Male,25-34,White - White British (W1),White,Misuse of Drugs Act 1971 (section 23),Controlled drugs,Nothing found - no further action,,
Person search,2015-03-28T01:44:00+00:00,,,54.692579,-1.218699,Male,over 34,White - White British (W1),White,Police and Criminal Evidence Act 1984 (section 1),Article for use in theft,Nothing found - no further action,,
Person search,2015-03-28T01:50:00+00:00,,,54.564938,-1.241354,Male,18-24,Black or Black British - African (B2),Other,Misuse of Drugs Act 1971 (section 23),Controlled drugs,Nothing found - no further action,,
Person search,2015-03-28T02:02:00+00:00,,,54.559553,-1.324510,Male,over 34,White - White British (W1),White,Misuse of Drugs Act 1971 (section 23),Controlled drugs,Nothing found - no further action,,
Person search,2015-03-28T02:14:00+00:00,,,54.550774,-1.199518,Male,18-24,White - White British (W1),White,Police and Criminal Evidence Act 1984 (section 1),Articles for use in criminal damage,Nothing found - no further action,,
Person search,2015-03-28T02:32:00+00:00,,,54.583546,-1.037338,Male,18-24,White - White British (W1),White,Police and Criminal Evidence Act 1984 (section 1),Article for use in theft,Nothing found - no further action,,
Person search,2015-03-28T04:07:00+00:00,,,54.684190,-1.208281,Male,18-24,White - White British (W1),White,Police and Criminal Evidence Act 1984 (section 1),Stolen goods,Suspect arrested,True,
Person search,2015-03-28T11:35:00+00:00,,,54.563681,-1.313879,Male,over 34,White - White British (W1),White,Police and Criminal Evidence Act 1984 (section 1),Stolen goods,Nothing found - no further action,,
Person search,2015-03-28T13:55:00+00:00,,,54.678596,-1.207615,Female,over 34,White - White British (W1),White,Police and Criminal Evidence Act 1984 (section 1),Stolen goods,Nothing found - no further action,,
Person search,2015-03-28T16:20:00+00:00,,,54.532979,-1.297812,Male,over 34,White - White British (W1),White,Police and Criminal Evidence Act 1984 (section 1),Offensive weapons,Nothing found - no further action,,
Person search,2015-03-28T17:08:00+00:00,,,54.571502,-1.220753,Male,18-24,White - White British (W1),White,Police and Criminal Evidence Act 1984 (section 1),Article for use in theft,Nothing found - no further action,,
Person search,2015-03-28T21:05:00+00:00,,,54.561452,-0.969180,Male,over 34,White - White British (W1),White,Police and Criminal Evidence Act 1984 (section 1),Article for use in theft,Suspect arrested,False,
Person search,2015-03-28T23:50:00+00:00,,,54.575922,-1.233199,Male,18-24,White - White British (W1),White,Misuse of Drugs Act 1971 (section 23),Controlled drugs,Nothing found - no further action,,
Person search,2015-03-29T00:35:00+00:00,,,54.566891,-1.253475,Male,25-34,Asian or Asian British - Any other Asian ethnic background (A9),Other,Police and Criminal Evidence Act 1984 (section 1),Stolen goods,Suspect arrested,False,
Person search,2015-03-29T00:35:00+00:00,,,54.566891,-1.253475,Male,18-24,Asian or Asian British - Any other Asian ethnic background (A9),Other,Police and Criminal Evidence Act 1984 (section 1),Stolen goods,Suspect arrested,False,
Person search,2015-03-29T04:20:00+00:00,,,54.575335,-1.235453,Male,18-24,White - White British (W1),White,Police and Criminal Evidence Act 1984 (section 1),Offensive weapons,Nothing found - no further action,,
Person search,2015-03-29T04:38:00+00:00,,,54.578752,-1.234399,Male,18-24,White - White British (W1),White,Police and Criminal Evidence Act 1984 (section 1),Offensive weapons,Nothing found - no further action,,
Person search,2015-03-29T16:03:00+00:00,,,54.571683,-1.201677,Male,10-17,White - White British (W1),White,Police and Criminal Evidence Act 1984 (section 1),Stolen goods,Suspect arrested,True,
Person search,2015-03-29T16:10:00+00:00,,,54.558560,-1.309357,Female,25-34,White - White British (W1),White,Misuse of Drugs Act 1971 (section 23),Controlled drugs,Nothing found - no further action,,
Person search,2015-03-29T16:40:00+00:00,,,54.556740,-1.321263,Male,over 34,White - White British (W1),White,Police and Criminal Evidence Act 1984 (section 1),Stolen goods,Nothing found - no further action,,
Person search,2015-03-29T18:56:00+00:00,,,54.513419,-1.211061,Male,18-24,White - White British (W1),White,Police and Criminal Evidence Act 1984 (section 1),Articles for use in criminal damage,Nothing found - no further action,,
Person search,2015-03-29T21:15:00+00:00,,,54.561253,-1.321559,Male,18-24,White - White British (W1),White,Police and Criminal Evidence Act 1984 (section 1),Offensive weapons,Suspect arrested,,
Person search,2015-03-29T22:20:00+00:00,,,54.580304,-1.236892,Male,18-24,White - White British (W1),White,Police and Criminal Evidence Act 1984 (section 1),Offensive weapons,Nothing found - no further action,,
Person search,2015-03-30T00:00:00+00:00,,,54.704027,-1.231018,Male,25-34,White - White British (W1),White,Police and Criminal Evidence Act 1984 (section 1),Article for use in theft,Suspect arrested,True,
Person search,2015-03-30T00:20:00+00:00,,,54.568074,-1.234212,Male,25-34,White - White British (W1),White,Police and Criminal Evidence Act 1984 (section 1),Article for use in theft,Suspect arrested,False,
Person search,2015-03-30T01:55:00+00:00,,,54.570899,-1.244709,Male,18-24,White - White British (W1),White,Police and Criminal Evidence Act 1984 (section 1),Article for use in theft,Nothing found - no further action,,
Person search,2015-03-30T02:00:00+00:00,,,54.580304,-1.236892,Male,over 34,White - White British (W1),White,Police and Criminal Evidence Act 1984 (section 1),Offensive weapons,Nothing found - no further action,,
Person search,2015-03-30T02:00:00+00:00,,,54.580304,-1.236892,Male,over 34,Black or Black British - Any other Black ethnic background (B9),Other,Police and Criminal Evidence Act 1984 (section 1),Offensive weapons,Nothing found - no further action,,
Person search,2015-03-30T10:30:00+00:00,,,54.613821,-1.186436,Male,over 34,White - White British (W1),White,Firearms Act 1968 (section 47),Firearms,Nothing found - no further action,,
Person search,2015-03-30T11:20:00+00:00,,,54.617327,-1.069216,Male,over 34,White - White British (W1),White,Police and Criminal Evidence Act 1984 (section 1),Stolen goods,Suspect arrested,False,
Person search,2015-03-30T11:45:00+00:00,,,54.618231,-1.064163,Male,25-34,White - White British (W1),White,Police and Criminal Evidence Act 1984 (section 1),Stolen goods,Nothing found - no further action,,
Person search,2015-03-30T12:50:00+00:00,,,54.617327,-1.069216,Female,25-34,White - White British (W1),White,Police and Criminal Evidence Act 1984 (section 1),Stolen goods,Suspect arrested,True,
Person search,2015-03-30T13:40:00+00:00,,,54.567822,-1.209037,Male,25-34,White - White British (W1),White,Misuse of Drugs Act 1971 (section 23),Controlled drugs,Nothing found - no further action,,
Person search,2015-03-30T14:30:00+00:00,,,54.564495,-1.268721,Female,25-34,White - White British (W1),White,Police and Criminal Evidence Act 1984 (section 1),Stolen goods,Suspect arrested,True,
Person search,2015-03-30T14:30:00+00:00,,,54.564495,-1.268721,Female,25-34,White - White British (W1),White,Police and Criminal Evidence Act 1984 (section 1),Stolen goods,Suspect arrested,True,
Person search,2015-03-31T00:45:00+00:00,,,54.687300,-1.219467,Male,over 34,White - White British (W1),White,Police and Criminal Evidence Act 1984 (section 1),Article for use in theft,Nothing found - no further action,,
Person search,2015-03-31T11:45:00+00:00,,,54.577160,-1.149419,Male,25-34,White - White British (W1),White,Police and Criminal Evidence Act 1984 (section 1),Offensive weapons,Suspect arrested,False,
Person search,2015-03-31T14:20:00+00:00,,,54.580304,-1.236892,Male,25-34,White - White British (W1),White,Police and Criminal Evidence Act 1984 (section 1),Article for use in theft,Nothing found - no further action,,
Person search,2015-03-31T18:20:00+00:00,,,54.616951,-1.068327,Male,25-34,White - White British (W1),White,Police and Criminal Evidence Act 1984 (section 1),Stolen goods,Nothing found - no further action,,
